{
  "main": {
    "id": "e6dc57a5f35eb0e6",
    "type": "split",
    "children": [
      {
        "id": "d9e128d0d555ccc5",
        "type": "tabs",
        "children": [
          {
            "id": "cdea26cf8acab33b",
            "type": "leaf",
            "state": {
              "type": "markdown",
              "state": {
                "file": "objectif.md",
                "mode": "source",
                "source": false
              }
            }
          },
          {
            "id": "53044023b8aa28d8",
            "type": "leaf",
            "state": {
              "type": "markdown",
              "state": {
                "file": "_en cours.md",
                "mode": "source",
                "source": false
              }
            }
          },
          {
            "id": "60d8a9a11e48525b",
            "type": "leaf",
            "state": {
              "type": "markdown",
              "state": {
                "file": "_en cours.md",
                "mode": "source",
                "source": false
              }
            }
          },
          {
            "id": "6e678f75465ccb15",
            "type": "leaf",
            "state": {
              "type": "markdown",
              "state": {
                "file": "_en cours.md",
                "mode": "source",
                "source": false
              }
            }
          },
          {
            "id": "1c93344d2b1f4d24",
            "type": "leaf",
            "state": {
              "type": "markdown",
              "state": {
                "file": "incarné.md",
                "mode": "source",
                "source": false
              }
            }
          },
          {
            "id": "c76f9f65222ba71d",
            "type": "leaf",
            "state": {
              "type": "markdown",
              "state": {
                "file": "situé.md",
                "mode": "source",
                "source": false
              }
            }
          },
          {
            "id": "3873011f2010952e",
            "type": "leaf",
            "state": {
              "type": "markdown",
              "state": {
                "file": "apprendre.md",
                "mode": "source",
                "source": false
              }
            }
          }
        ],
        "currentTab": 3
      }
    ],
    "direction": "vertical"
  },
  "left": {
    "id": "1d67dec47a5527b5",
    "type": "split",
    "children": [
      {
        "id": "edb588e870ca71f5",
        "type": "tabs",
        "children": [
          {
            "id": "03cc26793a5f0929",
            "type": "leaf",
            "state": {
              "type": "file-explorer",
              "state": {
                "sortOrder": "alphabetical"
              }
            }
          },
          {
            "id": "3be71c69caf85845",
            "type": "leaf",
            "state": {
              "type": "search",
              "state": {
                "query": "",
                "matchingCase": false,
                "explainSearch": false,
                "collapseAll": false,
                "extraContext": false,
                "sortOrder": "alphabetical"
              }
            }
          },
          {
            "id": "ca3d399c935b0956",
            "type": "leaf",
            "state": {
              "type": "starred",
              "state": {}
            }
          }
        ]
      }
    ],
    "direction": "horizontal",
    "width": 300
  },
  "right": {
    "id": "a3b21cbea579bbd7",
    "type": "split",
    "children": [
      {
        "id": "7e912725cae29844",
        "type": "tabs",
        "children": [
          {
            "id": "2cec5812fa413641",
            "type": "leaf",
            "state": {
              "type": "backlink",
              "state": {
                "file": "_en cours.md",
                "collapseAll": false,
                "extraContext": false,
                "sortOrder": "alphabetical",
                "showSearch": false,
                "searchQuery": "",
                "backlinkCollapsed": false,
                "unlinkedCollapsed": true
              }
            }
          },
          {
            "id": "05c6f6dfd4204303",
            "type": "leaf",
            "state": {
              "type": "outgoing-link",
              "state": {
                "file": "_en cours.md",
                "linksCollapsed": false,
                "unlinkedCollapsed": true
              }
            }
          },
          {
            "id": "949b41212a706e7d",
            "type": "leaf",
            "state": {
              "type": "tag",
              "state": {
                "sortOrder": "frequency",
                "useHierarchy": true
              }
            }
          },
          {
            "id": "aa8b88b80f585359",
            "type": "leaf",
            "state": {
              "type": "outline",
              "state": {
                "file": "_en cours.md"
              }
            }
          }
        ]
      }
    ],
    "direction": "horizontal",
    "width": 300,
    "collapsed": true
  },
  "left-ribbon": {
    "hiddenItems": {
      "obsidian-markbase:Sync all Markbase projects": false,
      "switcher:Open quick switcher": false,
      "graph:Open graph view": false,
      "canvas:Create new canvas": false,
      "daily-notes:Open today's daily note": false,
      "templates:Insert template": false,
      "command-palette:Open command palette": false
    }
  },
  "active": "6e678f75465ccb15",
  "lastOpenFiles": [
    "citoyenneté.md",
    "care.md",
    "narration.md",
    "_en cours.md",
    "regard.md",
    "limites.md",
    "apprendre.md",
    "aération.md",
    "activités.md",
    "ville.md",
    "visuel.md",
    "lieu.md",
    "contraintes.md",
    "attention.md",
    "sens.md",
    "communauté.md",
    "éducation en extérieur.md",
    "enquête.md",
    "exigences.md",
    "mots.md",
    "musée.md",
    "objectif.md",
    "organisation du cours.md",
    "parkour.md",
    "Puidoux-Gare.md",
    "Sallaz.md"
  ]
}